First Event,Participant One,one@event.com
First Event,Participant Two,two@firstevent.com
First Event,Third Participant,third@firstevent.com
First Event,Fourth Participant,fourth@fisrtevent.com
First Event,Fifth Participant,fifth@fisrtevent.com
First Event,Sixth POarticipant,sixth@first.com
First Event,Naaadasd,asdas@asda.com
Second Event,First P at Second E,first@second.com
Second Event,Second P at Second E,second_p@secondevent.com
Second Event,Third at Second E,fourth@second.com
Second Event,Fourth P at Second E,fourth@seconde.com
